<component name="libraryTable">
  <library name="Gradle: androidx.lifecycle:lifecycle-livedata:2.0.0@aar">
    <CLASSES>
      <root url="jar://$USER_HOME$/.gradle/caches/transforms-2/files-2.1/6d77bb0317f47eecec5cc52fca77c1a3/lifecycle-livedata-2.0.0/jars/classes.jar!/" />
      <root url="file://$USER_HOME$/.gradle/caches/transforms-2/files-2.1/6d77bb0317f47eecec5cc52fca77c1a3/lifecycle-livedata-2.0.0/res" />
      <root url="file://$USER_HOME$/.gradle/caches/transforms-2/files-2.1/6d77bb0317f47eecec5cc52fca77c1a3/lifecycle-livedata-2.0.0/AndroidManifest.xml" />
    </CLASSES>
    <JAVADOC />
    <SOURCES>
      <root url="jar://$USER_HOME$/.gradle/caches/modules-2/files-2.1/androidx.lifecycle/lifecycle-livedata/2.0.0/740ce61935bd789380c01178bd8ce402402ebd2f/lifecycle-livedata-2.0.0-sources.jar!/" />
    </SOURCES>
  </library>
</component>