<component name="libraryTable">
  <library name="Gradle: org.jetbrains.kotlin:kotlin-stdlib:1.3.72">
    <CLASSES>
      <root url="jar://$USER_HOME$/.gradle/caches/modules-2/files-2.1/org.jetbrains.kotlin/kotlin-stdlib/1.3.72/8032138f12c0180bc4e51fe139d4c52b46db6109/kotlin-stdlib-1.3.72.jar!/" />
    </CLASSES>
    <JAVADOC>
      <root url="jar://$USER_HOME$/.gradle/caches/modules-2/files-2.1/org.jetbrains.kotlin/kotlin-stdlib/1.3.72/b1d2ee58cf8c842c5143315cff20019a6173378d/kotlin-stdlib-1.3.72-javadoc.jar!/" />
    </JAVADOC>
    <SOURCES>
      <root url="jar://$USER_HOME$/.gradle/caches/modules-2/files-2.1/org.jetbrains.kotlin/kotlin-stdlib/1.3.72/28f81264fad20dd20cc692003f4a27d355632073/kotlin-stdlib-1.3.72-sources.jar!/" />
    </SOURCES>
  </library>
</component>