<component name="libraryTable">
  <library name="Gradle: junit:junit:4.13.2">
    <CLASSES>
      <root url="jar://$USER_HOME$/.gradle/caches/modules-2/files-2.1/junit/junit/4.13.2/8ac9e16d933b6fb43bc7f576336b8f4d7eb5ba12/junit-4.13.2.jar!/" />
    </CLASSES>
    <JAVADOC>
      <root url="jar://$USER_HOME$/.gradle/caches/modules-2/files-2.1/junit/junit/4.13.2/f2f3f384dacd2ade2ddf7aa7e0f4360dfee38672/junit-4.13.2-javadoc.jar!/" />
    </JAVADOC>
    <SOURCES>
      <root url="jar://$USER_HOME$/.gradle/caches/modules-2/files-2.1/junit/junit/4.13.2/33987872a811fe4d4001ed494b07854822257f42/junit-4.13.2-sources.jar!/" />
    </SOURCES>
  </library>
</component>