<component name="libraryTable">
  <library name="Gradle: androidx.coordinatorlayout:coordinatorlayout:1.1.0@aar">
    <ANNOTATIONS>
      <root url="jar://$USER_HOME$/.gradle/caches/transforms-2/files-2.1/ce5d1630d5b3df7ace9dd35aaabe9c5a/coordinatorlayout-1.1.0/annotations.zip!/" />
    </ANNOTATIONS>
    <CLASSES>
      <root url="jar://$USER_HOME$/.gradle/caches/transforms-2/files-2.1/ce5d1630d5b3df7ace9dd35aaabe9c5a/coordinatorlayout-1.1.0/jars/classes.jar!/" />
      <root url="file://$USER_HOME$/.gradle/caches/transforms-2/files-2.1/ce5d1630d5b3df7ace9dd35aaabe9c5a/coordinatorlayout-1.1.0/res" />
      <root url="file://$USER_HOME$/.gradle/caches/transforms-2/files-2.1/ce5d1630d5b3df7ace9dd35aaabe9c5a/coordinatorlayout-1.1.0/AndroidManifest.xml" />
    </CLASSES>
    <JAVADOC />
    <SOURCES>
      <root url="jar://$USER_HOME$/.gradle/caches/modules-2/files-2.1/androidx.coordinatorlayout/coordinatorlayout/1.1.0/a15529ac349d76a872ae5ef42b84c320c456cd7f/coordinatorlayout-1.1.0-sources.jar!/" />
    </SOURCES>
  </library>
</component>