<component name="libraryTable">
  <library name="Gradle: androidx.appcompat:appcompat:1.2.0@aar">
    <ANNOTATIONS>
      <root url="jar://$USER_HOME$/.gradle/caches/transforms-2/files-2.1/4102c377b7a8a929cfb8c6bcf858d486/appcompat-1.2.0/annotations.zip!/" />
    </ANNOTATIONS>
    <CLASSES>
      <root url="jar://$USER_HOME$/.gradle/caches/transforms-2/files-2.1/4102c377b7a8a929cfb8c6bcf858d486/appcompat-1.2.0/jars/classes.jar!/" />
      <root url="file://$USER_HOME$/.gradle/caches/transforms-2/files-2.1/4102c377b7a8a929cfb8c6bcf858d486/appcompat-1.2.0/res" />
      <root url="file://$USER_HOME$/.gradle/caches/transforms-2/files-2.1/4102c377b7a8a929cfb8c6bcf858d486/appcompat-1.2.0/AndroidManifest.xml" />
    </CLASSES>
    <JAVADOC />
    <SOURCES>
      <root url="jar://$USER_HOME$/.gradle/caches/modules-2/files-2.1/androidx.appcompat/appcompat/1.2.0/13e8ff89631c2e101eb6bddd12c2fb4bbd74b15d/appcompat-1.2.0-sources.jar!/" />
    </SOURCES>
  </library>
</component>