<component name="libraryTable">
  <library name="Gradle: androidx.lifecycle:lifecycle-livedata-core:2.0.0@aar">
    <CLASSES>
      <root url="jar://$USER_HOME$/.gradle/caches/transforms-2/files-2.1/9362e9a4c080bce0504910fd49da771c/lifecycle-livedata-core-2.0.0/jars/classes.jar!/" />
      <root url="file://$USER_HOME$/.gradle/caches/transforms-2/files-2.1/9362e9a4c080bce0504910fd49da771c/lifecycle-livedata-core-2.0.0/res" />
      <root url="file://$USER_HOME$/.gradle/caches/transforms-2/files-2.1/9362e9a4c080bce0504910fd49da771c/lifecycle-livedata-core-2.0.0/AndroidManifest.xml" />
    </CLASSES>
    <JAVADOC />
    <SOURCES>
      <root url="jar://$USER_HOME$/.gradle/caches/modules-2/files-2.1/androidx.lifecycle/lifecycle-livedata-core/2.0.0/c158207594782b42f3a2e08a5a029eb3319e4404/lifecycle-livedata-core-2.0.0-sources.jar!/" />
    </SOURCES>
  </library>
</component>