<?xml version="1.0" encoding="UTF-8"?>
<project version="4">
  <component name="AndroidLayouts">
    <shared>
      <config />
    </shared>
  </component>
  <component name="ChangeListManager">
    <list default="true" id="2722681c-a1bf-479e-8903-18e9cf9566ce" name="Default Changelist" comment="" />
    <option name="SHOW_DIALOG" value="false" />
    <option name="HIGHLIGHT_CONFLICTS" value="true" />
    <option name="HIGHLIGHT_NON_ACTIVE_CHANGELIST" value="false" />
    <option name="LAST_RESOLUTION" value="IGNORE" />
  </component>
  <component name="ExecutionTargetManager" SELECTED_TARGET="device_and_snapshot_combo_box_target[OZMRPJ85IBUWYTXS]" />
  <component name="ExternalProjectsData">
    <projectState path="$PROJECT_DIR$">
      <ProjectState />
    </projectState>
  </component>
  <component name="ProjectId" id="1qR0RdfRhoqkPEJEmAe9v0bRp9n" />
  <component name="ProjectViewState">
    <option name="hideEmptyMiddlePackages" value="true" />
    <option name="showLibraryContents" value="true" />
  </component>
  <component name="PropertiesComponent">
    <property name="RunOnceActivity.OpenProjectViewOnStart" value="true" />
    <property name="RunOnceActivity.ShowReadmeOnStart" value="true" />
    <property name="android.sdk.path" value="$USER_HOME$/AppData/Local/Android/Sdk" />
  </component>
  <component name="RecentsManager">
    <key name="android.template.1917291996">
      <recent name="cz.kobrinf.mygratulok" />
    </key>
  </component>
  <component name="RunManager">
    <configuration default="true" type="AndroidJUnit" factoryName="Android JUnit">
      <option name="TEST_OBJECT" value="class" />
      <option name="WORKING_DIRECTORY" value="$MODULE_DIR$" />
      <method v="2">
        <option name="Android.Gradle.BeforeRunTask" enabled="true" />
      </method>
    </configuration>
    <configuration name="app" type="AndroidRunConfigurationType" factoryName="Android App" activateToolWindowBeforeRun="false">
      <module name="Gratulok.app" />
      <option name="DEPLOY" value="true" />
      <option name="DEPLOY_APK_FROM_BUNDLE" value="false" />
      <option name="DEPLOY_AS_INSTANT" value="false" />
      <option name="ARTIFACT_NAME" value="" />
      <option name="PM_INSTALL_OPTIONS" value="" />
      <option name="ALL_USERS" value="false" />
      <option name="DYNAMIC_FEATURES_DISABLED_LIST" value="" />
      <option name="ACTIVITY_EXTRA_FLAGS" value="" />
      <option name="MODE" value="default_activity" />
      <option name="CLEAR_LOGCAT" value="false" />
      <option name="SHOW_LOGCAT_AUTOMATICALLY" value="false" />
      <option name="SKIP_NOOP_APK_INSTALLATIONS" value="true" />
      <option name="FORCE_STOP_RUNNING_APP" value="true" />
      <option name="TARGET_SELECTION_MODE" value="DEVICE_AND_SNAPSHOT_COMBO_BOX" />
      <option name="SELECTED_CLOUD_MATRIX_CONFIGURATION_ID" value="-1" />
      <option name="SELECTED_CLOUD_MATRIX_PROJECT_ID" value="" />
      <option name="DEBUGGER_TYPE" value="Auto" />
      <Auto>
        <option name="USE_JAVA_AWARE_DEBUGGER" value="false" />
        <option name="SHOW_STATIC_VARS" value="true" />
        <option name="WORKING_DIR" value="" />
        <option name="TARGET_LOGGING_CHANNELS" value="lldb process:gdb-remote packets" />
        <option name="SHOW_OPTIMIZED_WARNING" value="true" />
      </Auto>
      <Hybrid>
        <option name="USE_JAVA_AWARE_DEBUGGER" value="false" />
        <option name="SHOW_STATIC_VARS" value="true" />
        <option name="WORKING_DIR" value="" />
        <option name="TARGET_LOGGING_CHANNELS" value="lldb process:gdb-remote packets" />
        <option name="SHOW_OPTIMIZED_WARNING" value="true" />
      </Hybrid>
      <Java />
      <Native>
        <option name="USE_JAVA_AWARE_DEBUGGER" value="false" />
        <option name="SHOW_STATIC_VARS" value="true" />
        <option name="WORKING_DIR" value="" />
        <option name="TARGET_LOGGING_CHANNELS" value="lldb process:gdb-remote packets" />
        <option name="SHOW_OPTIMIZED_WARNING" value="true" />
      </Native>
      <Profilers>
        <option name="ADVANCED_PROFILING_ENABLED" value="false" />
        <option name="STARTUP_PROFILING_ENABLED" value="false" />
        <option name="STARTUP_CPU_PROFILING_ENABLED" value="false" />
        <option name="STARTUP_CPU_PROFILING_CONFIGURATION_NAME" value="Sample Java Methods" />
        <option name="STARTUP_NATIVE_MEMORY_PROFILING_ENABLED" value="false" />
        <option name="NATIVE_MEMORY_SAMPLE_RATE_BYTES" value="2048" />
      </Profilers>
      <option name="DEEP_LINK" value="" />
      <option name="ACTIVITY_CLASS" value="" />
      <option name="SEARCH_ACTIVITY_IN_GLOBAL_SCOPE" value="false" />
      <option name="SKIP_ACTIVITY_VALIDATION" value="false" />
      <method v="2">
        <option name="Android.Gradle.BeforeRunTask" enabled="true" />
      </method>
    </configuration>
  </component>
  <component name="SvnConfiguration">
    <configuration />
  </component>
  <component name="TaskManager">
    <task active="true" id="Default" summary="Default task">
      <changelist id="2722681c-a1bf-479e-8903-18e9cf9566ce" name="Default Changelist" comment="" />
      <created>1617027087723</created>
      <option name="number" value="Default" />
      <option name="presentableId" value="Default" />
      <updated>1617027087723</updated>
    </task>
    <servers />
  </component>
  <component name="WindowStateProjectService">
    <state x="496" y="108" key="FileChooserDialogImpl" timestamp="1617031292228">
      <screen x="0" y="0" width="1536" height="824" />
    </state>
    <state x="496" y="108" key="FileChooserDialogImpl/0.0.1536.824@0.0.1536.824" timestamp="1617031292228" />
  </component>
</project>